﻿Name,Assign,Date,Project Portion,Status
Created username/password database…,,"October 27, 2024",SQL,Done
Paper: Rough Outline Done and Sources Gathered,,"October 28, 2024",Paper,Done
Paper: Finalize Outline (talk at school),,"October 29, 2024",Paper,Done
Paper: Rough Draft Done,,"October 29, 2024",Paper,Done
Paper: Talk at school to finalize what changes to make,,"October 31, 2024",Paper,Done
Paper: Done w/ code Pictures,,"November 2, 2024",Paper,Done
Working layout for php code - need nick input.  More research *** RESOLVED,,"October 28, 2024",Code,Done
FAILURE,,"October 30, 2024",Code,Done
"Package for earlier PHP failed, creating the illusion of hacking instead",,"October 31, 2024",Code,Done
Cleaned Citations *** Needs annotated.,,"October 31, 2024",Paper,Done
Paragraphs for Kaci’s Section,Kaci Craycraft,"November 1, 2024",Paper,Done
Presentation Outline,Kaci Craycraft,"November 1, 2024",Presentation,Done
Presentation Content,"Kaci Craycraft, Rachel Henninger","November 2, 2024",Presentation,Done
Presentation Design Finalized,Kaci Craycraft,"November 3, 2024",Presentation,Not started
Speech Finalized,"Kaci Craycraft, Rachel Henninger","November 2, 2024",Speech,Not started
Speech Practice,"Kaci Craycraft, Rachel Henninger","November 3, 2024",Speech,Not started
Example 1 & 2 Done,Kaci Craycraft,"October 31, 2024",Code,Done
Example 1 & 2 cleaned and explained,Kaci Craycraft,"November 1, 2024",Code,Done
Gitignore File,Kaci Craycraft,"November 3, 2024",Repository,Done
ReadMe,Kaci Craycraft,"November 3, 2024",Repository,Not started
Review Rachel’s written section / proofread,Kaci Craycraft,"November 3, 2024",Paper,Done